l_id,r_id,sim
S1_8,S2_4,1.0
S1_9,S2_2,0.7931034482758621
S1_10,S2_7,0.5405405405405406
S1_6,S2_0,0.53125
S1_3,S2_1,0.5263157894736842
S1_5,S3_0,1.0
S1_8,S3_6,1.0
S1_4,S3_1,0.8620689655172413
S1_7,S3_7,0.8076923076923077
S1_0,S3_9,0.7333333333333333
S1_11,S3_11,0.6764705882352942
S1_6,S3_5,0.53125
S1_9,S3_3,0.5294117647058824
S2_4,S3_6,1.0
S2_0,S3_5,0.7931034482758621
S2_2,S3_3,0.6774193548387096
S2_6,S3_4,0.5428571428571428
S2_5,S3_7,0.5333333333333333
